Qty,Designator,Footprint,Comment,LCSC Part #,Description,,,,
8,"R14, R17, R19, R21, R28, R32, R41, R46",R0603,1.0k, C21190,"RESISTOR, American symbol",,,,
10,"R9, R20, R29, R31, R35, R37, R38, R40, R42, R45",R0603,100k,C25803,"RESISTOR, American symbol",,,,
8,"C5, C10, C13, C15, C19, C20, C21, C28",C0603,100n,C14663,"CAPACITOR, American symbol",,,,
2,"R36, R47",R0603,15k,C14663,"RESISTOR, American symbol",,,,
2,"D5, D6",SOD323-W,1N4148,C2128,DIODE,,,,
2,"D3, D4",SOD123,1N5819HW,C169540,DIODE,,,,
2,"C11, C25",C0603,220n,C21120,"CAPACITOR, American symbol",,,,
4,"C1, C4, C6, C9",C0603,220p,C1603,"CAPACITOR, American symbol",,,,
2,"R16, R25",R0603,22k,C31850,"RESISTOR, American symbol",,,,
1,R23,R0603,27k,C22967,"RESISTOR, American symbol",,,,
1,R15,R0603,300k,C23024,"RESISTOR, American symbol",,,,
8,"R1, R2, R5, R6, R8, R12, R13, R43",R0603,33k,C4216,"RESISTOR, American symbol",,,,
3,"R27, R30, R44",R0603,39k,C23153,"RESISTOR, American symbol",,,,
1,C16,PANASONIC_B,4.7u,C134741,"POLARIZED CAPACITOR, American symbol",,,, or mouser amazingsynth
3,"R22, R26, R34",R0603,47k,C25819,"RESISTOR, American symbol",,,,
4,"C22, C23, C26, C27",C0603,47p,C1671,"CAPACITOR, American symbol",,,,
2,"C12, C14",PANASONIC_D,47u,C249976,"POLARIZED CAPACITOR, American symbol",,,,or mouser amazingsynth
4,"R3, R4, R10, R11",R0603,510,C23193,"RESISTOR, American symbol",,,,
7,"C2, C3, C7, C8, C17, C18, C24",C0603,560p,C84721,"CAPACITOR, American symbol",,,,
1,R39,R0603,6.8k,C23212,"RESISTOR, American symbol",,,,
1,R24,R0603,62k,C23221,"RESISTOR, American symbol",,,,
1,IC4,SO16,LM13700M,C174050,Dual OTA with buffers,,,,
1,IC7,DBZ_R-PDSO-G3,LM4040 5.0V,C69316,PRECISION MICROPOWER SHUNT VOLTAGE REFERENCE,,,,
2,"Q1, Q2",SOT23-BEC,MMBT3906,C53444,PNP Transistror,,,,
2,"P1, P2",PTC-1206,PTCSMD, C369154,Resettable Fuse PTC,,,,
2,"IC1, IC3",SO08,TL072D,C6961,OP AMP,,,,
2,"IC5, IC6",SO14,TL074D,C6964,OP AMP,,,,